{"cameraMode":{"drawMode":0,"name":"Shaded","section":"Shading Mode"},"sceneLighting":false,"audioPlay":false,"sceneViewState":{"showFog":true,"showMaterialUpdate":false,"showSkybox":true,"showFlares":true,"showImageEffects":true,"showParticleSystems":true},"in2DMode":false,"pivot":{"x":-7.351554870605469,"y":-342.87872314453127,"z":2539.900146484375},"rotation":{"x":0.07117535173892975,"y":-0.8449777364730835,"z":0.5172582268714905,"w":0.1163235530257225},"size":255.1132354736328,"orthographic":false}